sequence	mass	refrt	concentration	shortname	drt	dm	thresholdarea
YV(Heavy)YV(Heavy)ADV(Heavy)A(Heavy)A(Heavy)K(Heavy)	566.83	2017.2	100	YVYVADVAAK	250	5	10000
YV(Heavy)YV(Heavy)ADV(Heavy)AAK(Heavy)	562.8229	2017.8	10	YVYVADVAAK	250	5	10000
YVYV(Heavy)ADV(Heavy)AAK(Heavy)	559.816	1926	1	YVYVADVAAK	250	5	10000
YVYVADV(Heavy)AAK(Heavy)	556.8091	1630.8	0.1	YVYVADVAAK	250	5	10000
YVYVADVAAK(Heavy)	553.8022	2077.8	0.01	YVYVADVAAK	250	5	10000
L(Heavy)L(Heavy)SL(Heavy)GAGEF(Heavy)K(Heavy)	537.3441	2767.2	100	LLSLGAGEFK	250	5	10000
L(Heavy)L(Heavy)SL(Heavy)GAGEFK(Heavy)	532.3305	2767.2	10	LLSLGAGEFK	250	5	10000
L(Heavy)L(Heavy)SLGAGEFK(Heavy)	528.8219	2902.2	1	LLSLGAGEFK	250	5	10000
L(Heavy)LSLGAGEFK(Heavy)	525.3134	3535.2	0.1	LLSLGAGEFK	250	5	10000
LLSLGAGEFK(Heavy)	521.8048	2546.4	0.01	LLSLGAGEFK	250	5	10000
L(Heavy)GF(Heavy)TDL(Heavy)F(Heavy)SK(Heavy)	535.3281	3579.6	100	LGFTDLFSK	250	5	10000
L(Heavy)GFTDL(Heavy)F(Heavy)SK(Heavy)	530.3145	3580.2	10	LGFTDLFSK	250	5	10000
L(Heavy)GFTDL(Heavy)FSK(Heavy)	525.3008	3580.2	1	LGFTDLFSK	250	5	10000
L(Heavy)GFTDLFSK(Heavy)	521.7923	2454.6	0.1	LGFTDLFSK	250	5	10000
LGFTDLFSK(Heavy)	518.2837	2200.2	0.01	LGFTDLFSK	250	5	10000
V(Heavy)T(Heavy)S(Heavy)GST(Heavy)ST(Heavy)SR(Heavy)	509.2739	1178.4	100	VTSGSTSTSR	250	5	10000
V(Heavy)T(Heavy)SGSTST(Heavy)SR(Heavy)	504.7651	1821	10	VTSGSTSTSR	250	5	10000
V(Heavy)T(Heavy)SGSTSTSR(Heavy)	502.2599	760.2	1	VTSGSTSTSR	250	5	10000
V(Heavy)TSGSTSTSR(Heavy)	499.7547	3355.8	0.1	VTSGSTSTSR	250	5	10000
VTSGSTSTSR(Heavy)	496.7478	800.4	0.01	VTSGSTSTSR	250	5	10000
V(Heavy)V(Heavy)GGL(Heavy)V(Heavy)ALR(Heavy)	459.8232	2359.2	100	VVGGLVALR	250	5	10000
V(Heavy)V(Heavy)GGLV(Heavy)ALR(Heavy)	456.3147	2360.4	10	VVGGLVALR	250	5	10000
V(Heavy)V(Heavy)GGLVALR(Heavy)	453.3078	2361.6	1	VVGGLVALR	250	5	10000
V(Heavy)VGGLVALR(Heavy)	450.3009	2406	0.1	VVGGLVALR	250	5	10000
VVGGLVALR(Heavy)	447.294	2298.6	0.01	VVGGLVALR	250	5	10000
L(Heavy)A(Heavy)SV(Heavy)SV(Heavy)S(Heavy)R(Heavy)	428.2738	1152	100	LASVSVSR	250	5	10000
L(Heavy)ASV(Heavy)SV(Heavy)SR(Heavy)	424.2667	1152.6	10	LASVSVSR	250	5	10000
LASV(Heavy)SV(Heavy)SR(Heavy)	420.7581	997.8	1	LASVSVSR	250	5	10000
LASVSV(Heavy)SR(Heavy)	417.7512	1903.2	0.1	LASVSVSR	250	5	10000
LASVSVSR(Heavy)	414.7443	1615.2	0.01	LASVSVSR	250	5	10000
